--
-- PostgreSQL database dump
--

-- Dumped from database version 16.1 (Ubuntu 16.1-1.pgdg22.04+1)
-- Dumped by pg_dump version 16.1 (Ubuntu 16.1-1.pgdg22.04+1)

SET statement_timeout = 0;
SET lock_timeout = 0;
SET idle_in_transaction_session_timeout = 0;
SET client_encoding = 'UTF8';
SET standard_conforming_strings = on;
SELECT pg_catalog.set_config('search_path', '', false);
SET check_function_bodies = false;
SET xmloption = content;
SET client_min_messages = warning;
SET row_security = off;

SET default_tablespace = '';

SET default_table_access_method = heap;

--
-- Name: auth_group; Type: TABLE; Schema: public; Owner: postgres
--

CREATE TABLE public.auth_group (
    id integer NOT NULL,
    name character varying(150) NOT NULL
);


ALTER TABLE public.auth_group OWNER TO postgres;

--
-- Name: auth_group_id_seq; Type: SEQUENCE; Schema: public; Owner: postgres
--

ALTER TABLE public.auth_group ALTER COLUMN id ADD GENERATED BY DEFAULT AS IDENTITY (
    SEQUENCE NAME public.auth_group_id_seq
    START WITH 1
    INCREMENT BY 1
    NO MINVALUE
    NO MAXVALUE
    CACHE 1
);


--
-- Name: auth_group_permissions; Type: TABLE; Schema: public; Owner: postgres
--

CREATE TABLE public.auth_group_permissions (
    id bigint NOT NULL,
    group_id integer NOT NULL,
    permission_id integer NOT NULL
);


ALTER TABLE public.auth_group_permissions OWNER TO postgres;

--
-- Name: auth_group_permissions_id_seq; Type: SEQUENCE; Schema: public; Owner: postgres
--

ALTER TABLE public.auth_group_permissions ALTER COLUMN id ADD GENERATED BY DEFAULT AS IDENTITY (
    SEQUENCE NAME public.auth_group_permissions_id_seq
    START WITH 1
    INCREMENT BY 1
    NO MINVALUE
    NO MAXVALUE
    CACHE 1
);


--
-- Name: auth_permission; Type: TABLE; Schema: public; Owner: postgres
--

CREATE TABLE public.auth_permission (
    id integer NOT NULL,
    name character varying(255) NOT NULL,
    content_type_id integer NOT NULL,
    codename character varying(100) NOT NULL
);


ALTER TABLE public.auth_permission OWNER TO postgres;

--
-- Name: auth_permission_id_seq; Type: SEQUENCE; Schema: public; Owner: postgres
--

ALTER TABLE public.auth_permission ALTER COLUMN id ADD GENERATED BY DEFAULT AS IDENTITY (
    SEQUENCE NAME public.auth_permission_id_seq
    START WITH 1
    INCREMENT BY 1
    NO MINVALUE
    NO MAXVALUE
    CACHE 1
);


--
-- Name: django_admin_log; Type: TABLE; Schema: public; Owner: postgres
--

CREATE TABLE public.django_admin_log (
    id integer NOT NULL,
    action_time timestamp with time zone NOT NULL,
    object_id text,
    object_repr character varying(200) NOT NULL,
    action_flag smallint NOT NULL,
    change_message text NOT NULL,
    content_type_id integer,
    user_id bigint NOT NULL,
    CONSTRAINT django_admin_log_action_flag_check CHECK ((action_flag >= 0))
);


ALTER TABLE public.django_admin_log OWNER TO postgres;

--
-- Name: django_admin_log_id_seq; Type: SEQUENCE; Schema: public; Owner: postgres
--

ALTER TABLE public.django_admin_log ALTER COLUMN id ADD GENERATED BY DEFAULT AS IDENTITY (
    SEQUENCE NAME public.django_admin_log_id_seq
    START WITH 1
    INCREMENT BY 1
    NO MINVALUE
    NO MAXVALUE
    CACHE 1
);


--
-- Name: django_celery_beat_clockedschedule; Type: TABLE; Schema: public; Owner: postgres
--

CREATE TABLE public.django_celery_beat_clockedschedule (
    id integer NOT NULL,
    clocked_time timestamp with time zone NOT NULL
);


ALTER TABLE public.django_celery_beat_clockedschedule OWNER TO postgres;

--
-- Name: django_celery_beat_clockedschedule_id_seq; Type: SEQUENCE; Schema: public; Owner: postgres
--

ALTER TABLE public.django_celery_beat_clockedschedule ALTER COLUMN id ADD GENERATED BY DEFAULT AS IDENTITY (
    SEQUENCE NAME public.django_celery_beat_clockedschedule_id_seq
    START WITH 1
    INCREMENT BY 1
    NO MINVALUE
    NO MAXVALUE
    CACHE 1
);


--
-- Name: django_celery_beat_crontabschedule; Type: TABLE; Schema: public; Owner: postgres
--

CREATE TABLE public.django_celery_beat_crontabschedule (
    id integer NOT NULL,
    minute character varying(240) NOT NULL,
    hour character varying(96) NOT NULL,
    day_of_week character varying(64) NOT NULL,
    day_of_month character varying(124) NOT NULL,
    month_of_year character varying(64) NOT NULL,
    timezone character varying(63) NOT NULL
);


ALTER TABLE public.django_celery_beat_crontabschedule OWNER TO postgres;

--
-- Name: django_celery_beat_crontabschedule_id_seq; Type: SEQUENCE; Schema: public; Owner: postgres
--

ALTER TABLE public.django_celery_beat_crontabschedule ALTER COLUMN id ADD GENERATED BY DEFAULT AS IDENTITY (
    SEQUENCE NAME public.django_celery_beat_crontabschedule_id_seq
    START WITH 1
    INCREMENT BY 1
    NO MINVALUE
    NO MAXVALUE
    CACHE 1
);


--
-- Name: django_celery_beat_intervalschedule; Type: TABLE; Schema: public; Owner: postgres
--

CREATE TABLE public.django_celery_beat_intervalschedule (
    id integer NOT NULL,
    every integer NOT NULL,
    period character varying(24) NOT NULL
);


ALTER TABLE public.django_celery_beat_intervalschedule OWNER TO postgres;

--
-- Name: django_celery_beat_intervalschedule_id_seq; Type: SEQUENCE; Schema: public; Owner: postgres
--

ALTER TABLE public.django_celery_beat_intervalschedule ALTER COLUMN id ADD GENERATED BY DEFAULT AS IDENTITY (
    SEQUENCE NAME public.django_celery_beat_intervalschedule_id_seq
    START WITH 1
    INCREMENT BY 1
    NO MINVALUE
    NO MAXVALUE
    CACHE 1
);


--
-- Name: django_celery_beat_periodictask; Type: TABLE; Schema: public; Owner: postgres
--

CREATE TABLE public.django_celery_beat_periodictask (
    id integer NOT NULL,
    name character varying(200) NOT NULL,
    task character varying(200) NOT NULL,
    args text NOT NULL,
    kwargs text NOT NULL,
    queue character varying(200),
    exchange character varying(200),
    routing_key character varying(200),
    expires timestamp with time zone,
    enabled boolean NOT NULL,
    last_run_at timestamp with time zone,
    total_run_count integer NOT NULL,
    date_changed timestamp with time zone NOT NULL,
    description text NOT NULL,
    crontab_id integer,
    interval_id integer,
    solar_id integer,
    one_off boolean NOT NULL,
    start_time timestamp with time zone,
    priority integer,
    headers text NOT NULL,
    clocked_id integer,
    expire_seconds integer,
    CONSTRAINT django_celery_beat_periodictask_expire_seconds_check CHECK ((expire_seconds >= 0)),
    CONSTRAINT django_celery_beat_periodictask_priority_check CHECK ((priority >= 0)),
    CONSTRAINT django_celery_beat_periodictask_total_run_count_check CHECK ((total_run_count >= 0))
);


ALTER TABLE public.django_celery_beat_periodictask OWNER TO postgres;

--
-- Name: django_celery_beat_periodictask_id_seq; Type: SEQUENCE; Schema: public; Owner: postgres
--

ALTER TABLE public.django_celery_beat_periodictask ALTER COLUMN id ADD GENERATED BY DEFAULT AS IDENTITY (
    SEQUENCE NAME public.django_celery_beat_periodictask_id_seq
    START WITH 1
    INCREMENT BY 1
    NO MINVALUE
    NO MAXVALUE
    CACHE 1
);


--
-- Name: django_celery_beat_periodictasks; Type: TABLE; Schema: public; Owner: postgres
--

CREATE TABLE public.django_celery_beat_periodictasks (
    ident smallint NOT NULL,
    last_update timestamp with time zone NOT NULL
);


ALTER TABLE public.django_celery_beat_periodictasks OWNER TO postgres;

--
-- Name: django_celery_beat_solarschedule; Type: TABLE; Schema: public; Owner: postgres
--

CREATE TABLE public.django_celery_beat_solarschedule (
    id integer NOT NULL,
    event character varying(24) NOT NULL,
    latitude numeric(9,6) NOT NULL,
    longitude numeric(9,6) NOT NULL
);


ALTER TABLE public.django_celery_beat_solarschedule OWNER TO postgres;

--
-- Name: django_celery_beat_solarschedule_id_seq; Type: SEQUENCE; Schema: public; Owner: postgres
--

ALTER TABLE public.django_celery_beat_solarschedule ALTER COLUMN id ADD GENERATED BY DEFAULT AS IDENTITY (
    SEQUENCE NAME public.django_celery_beat_solarschedule_id_seq
    START WITH 1
    INCREMENT BY 1
    NO MINVALUE
    NO MAXVALUE
    CACHE 1
);


--
-- Name: django_content_type; Type: TABLE; Schema: public; Owner: postgres
--

CREATE TABLE public.django_content_type (
    id integer NOT NULL,
    app_label character varying(100) NOT NULL,
    model character varying(100) NOT NULL
);


ALTER TABLE public.django_content_type OWNER TO postgres;

--
-- Name: django_content_type_id_seq; Type: SEQUENCE; Schema: public; Owner: postgres
--

ALTER TABLE public.django_content_type ALTER COLUMN id ADD GENERATED BY DEFAULT AS IDENTITY (
    SEQUENCE NAME public.django_content_type_id_seq
    START WITH 1
    INCREMENT BY 1
    NO MINVALUE
    NO MAXVALUE
    CACHE 1
);


--
-- Name: django_migrations; Type: TABLE; Schema: public; Owner: postgres
--

CREATE TABLE public.django_migrations (
    id bigint NOT NULL,
    app character varying(255) NOT NULL,
    name character varying(255) NOT NULL,
    applied timestamp with time zone NOT NULL
);


ALTER TABLE public.django_migrations OWNER TO postgres;

--
-- Name: django_migrations_id_seq; Type: SEQUENCE; Schema: public; Owner: postgres
--

ALTER TABLE public.django_migrations ALTER COLUMN id ADD GENERATED BY DEFAULT AS IDENTITY (
    SEQUENCE NAME public.django_migrations_id_seq
    START WITH 1
    INCREMENT BY 1
    NO MINVALUE
    NO MAXVALUE
    CACHE 1
);


--
-- Name: django_session; Type: TABLE; Schema: public; Owner: postgres
--

CREATE TABLE public.django_session (
    session_key character varying(40) NOT NULL,
    session_data text NOT NULL,
    expire_date timestamp with time zone NOT NULL
);


ALTER TABLE public.django_session OWNER TO postgres;

--
-- Name: habits_app_habit; Type: TABLE; Schema: public; Owner: postgres
--

CREATE TABLE public.habits_app_habit (
    id bigint NOT NULL,
    place character varying(200) NOT NULL,
    "time" time without time zone NOT NULL,
    activity text NOT NULL,
    period character varying(50) NOT NULL,
    reward text,
    time_required smallint NOT NULL,
    is_published boolean NOT NULL,
    owner_id bigint NOT NULL,
    related_habit_id bigint,
    is_pleasant boolean NOT NULL,
    CONSTRAINT habits_app_habit_time_required_check CHECK ((time_required >= 0))
);


ALTER TABLE public.habits_app_habit OWNER TO postgres;

--
-- Name: habits_app_habit_id_seq; Type: SEQUENCE; Schema: public; Owner: postgres
--

ALTER TABLE public.habits_app_habit ALTER COLUMN id ADD GENERATED BY DEFAULT AS IDENTITY (
    SEQUENCE NAME public.habits_app_habit_id_seq
    START WITH 1
    INCREMENT BY 1
    NO MINVALUE
    NO MAXVALUE
    CACHE 1
);


--
-- Name: users_app_user; Type: TABLE; Schema: public; Owner: postgres
--

CREATE TABLE public.users_app_user (
    id bigint NOT NULL,
    password character varying(128) NOT NULL,
    last_login timestamp with time zone,
    is_superuser boolean NOT NULL,
    is_staff boolean NOT NULL,
    is_active boolean NOT NULL,
    date_joined timestamp with time zone NOT NULL,
    email character varying(254) NOT NULL,
    first_name character varying(150) NOT NULL,
    last_name character varying(150) NOT NULL,
    phone integer,
    telegram character varying(150),
    tg_id integer
);


ALTER TABLE public.users_app_user OWNER TO postgres;

--
-- Name: users_app_user_groups; Type: TABLE; Schema: public; Owner: postgres
--

CREATE TABLE public.users_app_user_groups (
    id bigint NOT NULL,
    user_id bigint NOT NULL,
    group_id integer NOT NULL
);


ALTER TABLE public.users_app_user_groups OWNER TO postgres;

--
-- Name: users_app_user_groups_id_seq; Type: SEQUENCE; Schema: public; Owner: postgres
--

ALTER TABLE public.users_app_user_groups ALTER COLUMN id ADD GENERATED BY DEFAULT AS IDENTITY (
    SEQUENCE NAME public.users_app_user_groups_id_seq
    START WITH 1
    INCREMENT BY 1
    NO MINVALUE
    NO MAXVALUE
    CACHE 1
);


--
-- Name: users_app_user_id_seq; Type: SEQUENCE; Schema: public; Owner: postgres
--

ALTER TABLE public.users_app_user ALTER COLUMN id ADD GENERATED BY DEFAULT AS IDENTITY (
    SEQUENCE NAME public.users_app_user_id_seq
    START WITH 1
    INCREMENT BY 1
    NO MINVALUE
    NO MAXVALUE
    CACHE 1
);


--
-- Name: users_app_user_user_permissions; Type: TABLE; Schema: public; Owner: postgres
--

CREATE TABLE public.users_app_user_user_permissions (
    id bigint NOT NULL,
    user_id bigint NOT NULL,
    permission_id integer NOT NULL
);


ALTER TABLE public.users_app_user_user_permissions OWNER TO postgres;

--
-- Name: users_app_user_user_permissions_id_seq; Type: SEQUENCE; Schema: public; Owner: postgres
--

ALTER TABLE public.users_app_user_user_permissions ALTER COLUMN id ADD GENERATED BY DEFAULT AS IDENTITY (
    SEQUENCE NAME public.users_app_user_user_permissions_id_seq
    START WITH 1
    INCREMENT BY 1
    NO MINVALUE
    NO MAXVALUE
    CACHE 1
);


--
-- Data for Name: auth_group; Type: TABLE DATA; Schema: public; Owner: postgres
--

COPY public.auth_group (id, name) FROM stdin;
\.


--
-- Data for Name: auth_group_permissions; Type: TABLE DATA; Schema: public; Owner: postgres
--

COPY public.auth_group_permissions (id, group_id, permission_id) FROM stdin;
\.


--
-- Data for Name: auth_permission; Type: TABLE DATA; Schema: public; Owner: postgres
--

COPY public.auth_permission (id, name, content_type_id, codename) FROM stdin;
1	Can add log entry	1	add_logentry
2	Can change log entry	1	change_logentry
3	Can delete log entry	1	delete_logentry
4	Can view log entry	1	view_logentry
5	Can add permission	2	add_permission
6	Can change permission	2	change_permission
7	Can delete permission	2	delete_permission
8	Can view permission	2	view_permission
9	Can add group	3	add_group
10	Can change group	3	change_group
11	Can delete group	3	delete_group
12	Can view group	3	view_group
13	Can add content type	4	add_contenttype
14	Can change content type	4	change_contenttype
15	Can delete content type	4	delete_contenttype
16	Can view content type	4	view_contenttype
17	Can add session	5	add_session
18	Can change session	5	change_session
19	Can delete session	5	delete_session
20	Can view session	5	view_session
21	Can add crontab	6	add_crontabschedule
22	Can change crontab	6	change_crontabschedule
23	Can delete crontab	6	delete_crontabschedule
24	Can view crontab	6	view_crontabschedule
25	Can add interval	7	add_intervalschedule
26	Can change interval	7	change_intervalschedule
27	Can delete interval	7	delete_intervalschedule
28	Can view interval	7	view_intervalschedule
29	Can add periodic task	8	add_periodictask
30	Can change periodic task	8	change_periodictask
31	Can delete periodic task	8	delete_periodictask
32	Can view periodic task	8	view_periodictask
33	Can add periodic tasks	9	add_periodictasks
34	Can change periodic tasks	9	change_periodictasks
35	Can delete periodic tasks	9	delete_periodictasks
36	Can view periodic tasks	9	view_periodictasks
37	Can add solar event	10	add_solarschedule
38	Can change solar event	10	change_solarschedule
39	Can delete solar event	10	delete_solarschedule
40	Can view solar event	10	view_solarschedule
41	Can add clocked	11	add_clockedschedule
42	Can change clocked	11	change_clockedschedule
43	Can delete clocked	11	delete_clockedschedule
44	Can view clocked	11	view_clockedschedule
45	Can add Пользователь	12	add_user
46	Can change Пользователь	12	change_user
47	Can delete Пользователь	12	delete_user
48	Can view Пользователь	12	view_user
49	Can add Привычка	13	add_habit
50	Can change Привычка	13	change_habit
51	Can delete Привычка	13	delete_habit
52	Can view Привычка	13	view_habit
\.


--
-- Data for Name: django_admin_log; Type: TABLE DATA; Schema: public; Owner: postgres
--

COPY public.django_admin_log (id, action_time, object_id, object_repr, action_flag, change_message, content_type_id, user_id) FROM stdin;
\.


--
-- Data for Name: django_celery_beat_clockedschedule; Type: TABLE DATA; Schema: public; Owner: postgres
--

COPY public.django_celery_beat_clockedschedule (id, clocked_time) FROM stdin;
\.


--
-- Data for Name: django_celery_beat_crontabschedule; Type: TABLE DATA; Schema: public; Owner: postgres
--

COPY public.django_celery_beat_crontabschedule (id, minute, hour, day_of_week, day_of_month, month_of_year, timezone) FROM stdin;
\.


--
-- Data for Name: django_celery_beat_intervalschedule; Type: TABLE DATA; Schema: public; Owner: postgres
--

COPY public.django_celery_beat_intervalschedule (id, every, period) FROM stdin;
\.


--
-- Data for Name: django_celery_beat_periodictask; Type: TABLE DATA; Schema: public; Owner: postgres
--

COPY public.django_celery_beat_periodictask (id, name, task, args, kwargs, queue, exchange, routing_key, expires, enabled, last_run_at, total_run_count, date_changed, description, crontab_id, interval_id, solar_id, one_off, start_time, priority, headers, clocked_id, expire_seconds) FROM stdin;
\.


--
-- Data for Name: django_celery_beat_periodictasks; Type: TABLE DATA; Schema: public; Owner: postgres
--

COPY public.django_celery_beat_periodictasks (ident, last_update) FROM stdin;
\.


--
-- Data for Name: django_celery_beat_solarschedule; Type: TABLE DATA; Schema: public; Owner: postgres
--

COPY public.django_celery_beat_solarschedule (id, event, latitude, longitude) FROM stdin;
\.


--
-- Data for Name: django_content_type; Type: TABLE DATA; Schema: public; Owner: postgres
--

COPY public.django_content_type (id, app_label, model) FROM stdin;
1	admin	logentry
2	auth	permission
3	auth	group
4	contenttypes	contenttype
5	sessions	session
6	django_celery_beat	crontabschedule
7	django_celery_beat	intervalschedule
8	django_celery_beat	periodictask
9	django_celery_beat	periodictasks
10	django_celery_beat	solarschedule
11	django_celery_beat	clockedschedule
12	users_app	user
13	habits_app	habit
\.


--
-- Data for Name: django_migrations; Type: TABLE DATA; Schema: public; Owner: postgres
--

COPY public.django_migrations (id, app, name, applied) FROM stdin;
1	contenttypes	0001_initial	2023-12-06 11:18:13.336184+05
2	contenttypes	0002_remove_content_type_name	2023-12-06 11:18:13.342496+05
3	auth	0001_initial	2023-12-06 11:18:13.376297+05
4	auth	0002_alter_permission_name_max_length	2023-12-06 11:18:13.381493+05
5	auth	0003_alter_user_email_max_length	2023-12-06 11:18:13.38757+05
6	auth	0004_alter_user_username_opts	2023-12-06 11:18:13.392745+05
7	auth	0005_alter_user_last_login_null	2023-12-06 11:18:13.398547+05
8	auth	0006_require_contenttypes_0002	2023-12-06 11:18:13.401733+05
9	auth	0007_alter_validators_add_error_messages	2023-12-06 11:18:13.408381+05
10	auth	0008_alter_user_username_max_length	2023-12-06 11:18:13.413386+05
11	auth	0009_alter_user_last_name_max_length	2023-12-06 11:18:13.41843+05
12	auth	0010_alter_group_name_max_length	2023-12-06 11:18:13.424499+05
13	auth	0011_update_proxy_permissions	2023-12-06 11:18:13.429313+05
14	auth	0012_alter_user_first_name_max_length	2023-12-06 11:18:13.434187+05
15	users_app	0001_initial	2023-12-06 11:18:13.463587+05
16	admin	0001_initial	2023-12-06 11:18:13.479396+05
17	admin	0002_logentry_remove_auto_add	2023-12-06 11:18:13.487178+05
18	admin	0003_logentry_add_action_flag_choices	2023-12-06 11:18:13.49514+05
19	django_celery_beat	0001_initial	2023-12-06 11:18:13.526012+05
20	django_celery_beat	0002_auto_20161118_0346	2023-12-06 11:18:13.535697+05
21	django_celery_beat	0003_auto_20161209_0049	2023-12-06 11:18:13.54366+05
22	django_celery_beat	0004_auto_20170221_0000	2023-12-06 11:18:13.547368+05
23	django_celery_beat	0005_add_solarschedule_events_choices	2023-12-06 11:18:13.550963+05
24	django_celery_beat	0006_auto_20180322_0932	2023-12-06 11:18:13.56988+05
25	django_celery_beat	0007_auto_20180521_0826	2023-12-06 11:18:13.582096+05
26	django_celery_beat	0008_auto_20180914_1922	2023-12-06 11:18:13.599092+05
27	django_celery_beat	0006_auto_20180210_1226	2023-12-06 11:18:13.60934+05
28	django_celery_beat	0006_periodictask_priority	2023-12-06 11:18:13.615346+05
29	django_celery_beat	0009_periodictask_headers	2023-12-06 11:18:13.62208+05
30	django_celery_beat	0010_auto_20190429_0326	2023-12-06 11:18:13.72704+05
31	django_celery_beat	0011_auto_20190508_0153	2023-12-06 11:18:13.738462+05
32	django_celery_beat	0012_periodictask_expire_seconds	2023-12-06 11:18:13.744+05
33	django_celery_beat	0013_auto_20200609_0727	2023-12-06 11:18:13.750278+05
34	django_celery_beat	0014_remove_clockedschedule_enabled	2023-12-06 11:18:13.755712+05
35	django_celery_beat	0015_edit_solarschedule_events_choices	2023-12-06 11:18:13.759758+05
36	django_celery_beat	0016_alter_crontabschedule_timezone	2023-12-06 11:18:13.764699+05
37	django_celery_beat	0017_alter_crontabschedule_month_of_year	2023-12-06 11:18:13.770045+05
38	django_celery_beat	0018_improve_crontab_helptext	2023-12-06 11:18:13.775843+05
39	sessions	0001_initial	2023-12-06 11:18:13.785771+05
40	habits_app	0001_initial	2023-12-12 15:24:35.143072+05
41	habits_app	0002_alter_habit_time_required	2023-12-14 10:48:54.968414+05
42	habits_app	0003_remove_habit_pleasant_habit_habit_is_pleasant	2023-12-15 10:31:26.456878+05
43	habits_app	0004_alter_habit_time_required	2023-12-15 12:07:13.887284+05
44	habits_app	0005_alter_habit_period	2023-12-27 14:20:07.02955+05
45	users_app	0002_user_telegram_user_tg_id	2023-12-27 14:20:07.055252+05
\.


--
-- Data for Name: django_session; Type: TABLE DATA; Schema: public; Owner: postgres
--

COPY public.django_session (session_key, session_data, expire_date) FROM stdin;
pr2w3wax9kylnvcsaffqe820rly81014	.eJxVjMsOwiAUBf-FtSHcUEpx6d5vINwHUjWQlHZl_Hdt0oVuz8ycl4ppW0vcuixxZnVWoE6_GyZ6SN0B31O9NU2trsuMelf0Qbu-Npbn5XD_Dkrq5VuTiAweYGIwxIYgYEDiYDzYzINMyUAeB8fkM2dwzNYSoZPAMgI69f4ACTE5Gw:1rCyBO:rVXA_ehjWqWOpOY--UPmNqqtmd_MssjZSt6Ndgoo2dE	2023-12-26 13:32:02.799016+05
\.


--
-- Data for Name: habits_app_habit; Type: TABLE DATA; Schema: public; Owner: postgres
--

COPY public.habits_app_habit (id, place, "time", activity, period, reward, time_required, is_published, owner_id, related_habit_id, is_pleasant) FROM stdin;
7	shop	12:45:00	battle	daily	\N	20	t	4	\N	f
8	shop	13:03:00	battle	daily	\N	20	t	4	\N	f
9	shop	13:36:00	battle	daily	\N	20	t	4	\N	f
10	shop	13:45:00	battle	daily	\N	20	t	4	\N	f
11	shop	05:58:00	battle	daily	\N	20	t	4	\N	f
12	shop	09:29:00	battle	daily	\N	20	t	4	\N	f
13	shop	09:35:00	battle	daily	\N	20	t	4	\N	f
\.


--
-- Data for Name: users_app_user; Type: TABLE DATA; Schema: public; Owner: postgres
--

COPY public.users_app_user (id, password, last_login, is_superuser, is_staff, is_active, date_joined, email, first_name, last_name, phone, telegram, tg_id) FROM stdin;
4	pbkdf2_sha256$600000$iyKUka2LF8kXZ9jsrZ2Wcw$x/TTWzN7hZp/a/2c3Evqxgh/qwGAA3fGPvRZapcJ1Nk=	\N	t	t	t	2023-12-27 14:36:03.81951+05	m@sster.ru	Romka	T	\N	Tagrom	410032206
\.


--
-- Data for Name: users_app_user_groups; Type: TABLE DATA; Schema: public; Owner: postgres
--

COPY public.users_app_user_groups (id, user_id, group_id) FROM stdin;
\.


--
-- Data for Name: users_app_user_user_permissions; Type: TABLE DATA; Schema: public; Owner: postgres
--

COPY public.users_app_user_user_permissions (id, user_id, permission_id) FROM stdin;
\.


--
-- Name: auth_group_id_seq; Type: SEQUENCE SET; Schema: public; Owner: postgres
--

SELECT pg_catalog.setval('public.auth_group_id_seq', 1, false);


--
-- Name: auth_group_permissions_id_seq; Type: SEQUENCE SET; Schema: public; Owner: postgres
--

SELECT pg_catalog.setval('public.auth_group_permissions_id_seq', 1, false);


--
-- Name: auth_permission_id_seq; Type: SEQUENCE SET; Schema: public; Owner: postgres
--

SELECT pg_catalog.setval('public.auth_permission_id_seq', 52, true);


--
-- Name: django_admin_log_id_seq; Type: SEQUENCE SET; Schema: public; Owner: postgres
--

SELECT pg_catalog.setval('public.django_admin_log_id_seq', 1, false);


--
-- Name: django_celery_beat_clockedschedule_id_seq; Type: SEQUENCE SET; Schema: public; Owner: postgres
--

SELECT pg_catalog.setval('public.django_celery_beat_clockedschedule_id_seq', 1, false);


--
-- Name: django_celery_beat_crontabschedule_id_seq; Type: SEQUENCE SET; Schema: public; Owner: postgres
--

SELECT pg_catalog.setval('public.django_celery_beat_crontabschedule_id_seq', 1, false);


--
-- Name: django_celery_beat_intervalschedule_id_seq; Type: SEQUENCE SET; Schema: public; Owner: postgres
--

SELECT pg_catalog.setval('public.django_celery_beat_intervalschedule_id_seq', 1, false);


--
-- Name: django_celery_beat_periodictask_id_seq; Type: SEQUENCE SET; Schema: public; Owner: postgres
--

SELECT pg_catalog.setval('public.django_celery_beat_periodictask_id_seq', 1, false);


--
-- Name: django_celery_beat_solarschedule_id_seq; Type: SEQUENCE SET; Schema: public; Owner: postgres
--

SELECT pg_catalog.setval('public.django_celery_beat_solarschedule_id_seq', 1, false);


--
-- Name: django_content_type_id_seq; Type: SEQUENCE SET; Schema: public; Owner: postgres
--

SELECT pg_catalog.setval('public.django_content_type_id_seq', 13, true);


--
-- Name: django_migrations_id_seq; Type: SEQUENCE SET; Schema: public; Owner: postgres
--

SELECT pg_catalog.setval('public.django_migrations_id_seq', 45, true);


--
-- Name: habits_app_habit_id_seq; Type: SEQUENCE SET; Schema: public; Owner: postgres
--

SELECT pg_catalog.setval('public.habits_app_habit_id_seq', 13, true);


--
-- Name: users_app_user_groups_id_seq; Type: SEQUENCE SET; Schema: public; Owner: postgres
--

SELECT pg_catalog.setval('public.users_app_user_groups_id_seq', 1, false);


--
-- Name: users_app_user_id_seq; Type: SEQUENCE SET; Schema: public; Owner: postgres
--

SELECT pg_catalog.setval('public.users_app_user_id_seq', 4, true);


--
-- Name: users_app_user_user_permissions_id_seq; Type: SEQUENCE SET; Schema: public; Owner: postgres
--

SELECT pg_catalog.setval('public.users_app_user_user_permissions_id_seq', 1, false);


--
-- Name: auth_group auth_group_name_key; Type: CONSTRAINT; Schema: public; Owner: postgres
--

ALTER TABLE ONLY public.auth_group
    ADD CONSTRAINT auth_group_name_key UNIQUE (name);


--
-- Name: auth_group_permissions auth_group_permissions_group_id_permission_id_0cd325b0_uniq; Type: CONSTRAINT; Schema: public; Owner: postgres
--

ALTER TABLE ONLY public.auth_group_permissions
    ADD CONSTRAINT auth_group_permissions_group_id_permission_id_0cd325b0_uniq UNIQUE (group_id, permission_id);


--
-- Name: auth_group_permissions auth_group_permissions_pkey; Type: CONSTRAINT; Schema: public; Owner: postgres
--

ALTER TABLE ONLY public.auth_group_permissions
    ADD CONSTRAINT auth_group_permissions_pkey PRIMARY KEY (id);


--
-- Name: auth_group auth_group_pkey; Type: CONSTRAINT; Schema: public; Owner: postgres
--

ALTER TABLE ONLY public.auth_group
    ADD CONSTRAINT auth_group_pkey PRIMARY KEY (id);


--
-- Name: auth_permission auth_permission_content_type_id_codename_01ab375a_uniq; Type: CONSTRAINT; Schema: public; Owner: postgres
--

ALTER TABLE ONLY public.auth_permission
    ADD CONSTRAINT auth_permission_content_type_id_codename_01ab375a_uniq UNIQUE (content_type_id, codename);


--
-- Name: auth_permission auth_permission_pkey; Type: CONSTRAINT; Schema: public; Owner: postgres
--

ALTER TABLE ONLY public.auth_permission
    ADD CONSTRAINT auth_permission_pkey PRIMARY KEY (id);


--
-- Name: django_admin_log django_admin_log_pkey; Type: CONSTRAINT; Schema: public; Owner: postgres
--

ALTER TABLE ONLY public.django_admin_log
    ADD CONSTRAINT django_admin_log_pkey PRIMARY KEY (id);


--
-- Name: django_celery_beat_clockedschedule django_celery_beat_clockedschedule_pkey; Type: CONSTRAINT; Schema: public; Owner: postgres
--

ALTER TABLE ONLY public.django_celery_beat_clockedschedule
    ADD CONSTRAINT django_celery_beat_clockedschedule_pkey PRIMARY KEY (id);


--
-- Name: django_celery_beat_crontabschedule django_celery_beat_crontabschedule_pkey; Type: CONSTRAINT; Schema: public; Owner: postgres
--

ALTER TABLE ONLY public.django_celery_beat_crontabschedule
    ADD CONSTRAINT django_celery_beat_crontabschedule_pkey PRIMARY KEY (id);


--
-- Name: django_celery_beat_intervalschedule django_celery_beat_intervalschedule_pkey; Type: CONSTRAINT; Schema: public; Owner: postgres
--

ALTER TABLE ONLY public.django_celery_beat_intervalschedule
    ADD CONSTRAINT django_celery_beat_intervalschedule_pkey PRIMARY KEY (id);


--
-- Name: django_celery_beat_periodictask django_celery_beat_periodictask_name_key; Type: CONSTRAINT; Schema: public; Owner: postgres
--

ALTER TABLE ONLY public.django_celery_beat_periodictask
    ADD CONSTRAINT django_celery_beat_periodictask_name_key UNIQUE (name);


--
-- Name: django_celery_beat_periodictask django_celery_beat_periodictask_pkey; Type: CONSTRAINT; Schema: public; Owner: postgres
--

ALTER TABLE ONLY public.django_celery_beat_periodictask
    ADD CONSTRAINT django_celery_beat_periodictask_pkey PRIMARY KEY (id);


--
-- Name: django_celery_beat_periodictasks django_celery_beat_periodictasks_pkey; Type: CONSTRAINT; Schema: public; Owner: postgres
--

ALTER TABLE ONLY public.django_celery_beat_periodictasks
    ADD CONSTRAINT django_celery_beat_periodictasks_pkey PRIMARY KEY (ident);


--
-- Name: django_celery_beat_solarschedule django_celery_beat_solar_event_latitude_longitude_ba64999a_uniq; Type: CONSTRAINT; Schema: public; Owner: postgres
--

ALTER TABLE ONLY public.django_celery_beat_solarschedule
    ADD CONSTRAINT django_celery_beat_solar_event_latitude_longitude_ba64999a_uniq UNIQUE (event, latitude, longitude);


--
-- Name: django_celery_beat_solarschedule django_celery_beat_solarschedule_pkey; Type: CONSTRAINT; Schema: public; Owner: postgres
--

ALTER TABLE ONLY public.django_celery_beat_solarschedule
    ADD CONSTRAINT django_celery_beat_solarschedule_pkey PRIMARY KEY (id);


--
-- Name: django_content_type django_content_type_app_label_model_76bd3d3b_uniq; Type: CONSTRAINT; Schema: public; Owner: postgres
--

ALTER TABLE ONLY public.django_content_type
    ADD CONSTRAINT django_content_type_app_label_model_76bd3d3b_uniq UNIQUE (app_label, model);


--
-- Name: django_content_type django_content_type_pkey; Type: CONSTRAINT; Schema: public; Owner: postgres
--

ALTER TABLE ONLY public.django_content_type
    ADD CONSTRAINT django_content_type_pkey PRIMARY KEY (id);


--
-- Name: django_migrations django_migrations_pkey; Type: CONSTRAINT; Schema: public; Owner: postgres
--

ALTER TABLE ONLY public.django_migrations
    ADD CONSTRAINT django_migrations_pkey PRIMARY KEY (id);


--
-- Name: django_session django_session_pkey; Type: CONSTRAINT; Schema: public; Owner: postgres
--

ALTER TABLE ONLY public.django_session
    ADD CONSTRAINT django_session_pkey PRIMARY KEY (session_key);


--
-- Name: habits_app_habit habits_app_habit_pkey; Type: CONSTRAINT; Schema: public; Owner: postgres
--

ALTER TABLE ONLY public.habits_app_habit
    ADD CONSTRAINT habits_app_habit_pkey PRIMARY KEY (id);


--
-- Name: users_app_user users_app_user_email_key; Type: CONSTRAINT; Schema: public; Owner: postgres
--

ALTER TABLE ONLY public.users_app_user
    ADD CONSTRAINT users_app_user_email_key UNIQUE (email);


--
-- Name: users_app_user_groups users_app_user_groups_pkey; Type: CONSTRAINT; Schema: public; Owner: postgres
--

ALTER TABLE ONLY public.users_app_user_groups
    ADD CONSTRAINT users_app_user_groups_pkey PRIMARY KEY (id);


--
-- Name: users_app_user_groups users_app_user_groups_user_id_group_id_b9b6bdae_uniq; Type: CONSTRAINT; Schema: public; Owner: postgres
--

ALTER TABLE ONLY public.users_app_user_groups
    ADD CONSTRAINT users_app_user_groups_user_id_group_id_b9b6bdae_uniq UNIQUE (user_id, group_id);


--
-- Name: users_app_user users_app_user_pkey; Type: CONSTRAINT; Schema: public; Owner: postgres
--

ALTER TABLE ONLY public.users_app_user
    ADD CONSTRAINT users_app_user_pkey PRIMARY KEY (id);


--
-- Name: users_app_user_user_permissions users_app_user_user_perm_user_id_permission_id_46656a4a_uniq; Type: CONSTRAINT; Schema: public; Owner: postgres
--

ALTER TABLE ONLY public.users_app_user_user_permissions
    ADD CONSTRAINT users_app_user_user_perm_user_id_permission_id_46656a4a_uniq UNIQUE (user_id, permission_id);


--
-- Name: users_app_user_user_permissions users_app_user_user_permissions_pkey; Type: CONSTRAINT; Schema: public; Owner: postgres
--

ALTER TABLE ONLY public.users_app_user_user_permissions
    ADD CONSTRAINT users_app_user_user_permissions_pkey PRIMARY KEY (id);


--
-- Name: auth_group_name_a6ea08ec_like; Type: INDEX; Schema: public; Owner: postgres
--

CREATE INDEX auth_group_name_a6ea08ec_like ON public.auth_group USING btree (name varchar_pattern_ops);


--
-- Name: auth_group_permissions_group_id_b120cbf9; Type: INDEX; Schema: public; Owner: postgres
--

CREATE INDEX auth_group_permissions_group_id_b120cbf9 ON public.auth_group_permissions USING btree (group_id);


--
-- Name: auth_group_permissions_permission_id_84c5c92e; Type: INDEX; Schema: public; Owner: postgres
--

CREATE INDEX auth_group_permissions_permission_id_84c5c92e ON public.auth_group_permissions USING btree (permission_id);


--
-- Name: auth_permission_content_type_id_2f476e4b; Type: INDEX; Schema: public; Owner: postgres
--

CREATE INDEX auth_permission_content_type_id_2f476e4b ON public.auth_permission USING btree (content_type_id);


--
-- Name: django_admin_log_content_type_id_c4bce8eb; Type: INDEX; Schema: public; Owner: postgres
--

CREATE INDEX django_admin_log_content_type_id_c4bce8eb ON public.django_admin_log USING btree (content_type_id);


--
-- Name: django_admin_log_user_id_c564eba6; Type: INDEX; Schema: public; Owner: postgres
--

CREATE INDEX django_admin_log_user_id_c564eba6 ON public.django_admin_log USING btree (user_id);


--
-- Name: django_celery_beat_periodictask_clocked_id_47a69f82; Type: INDEX; Schema: public; Owner: postgres
--

CREATE INDEX django_celery_beat_periodictask_clocked_id_47a69f82 ON public.django_celery_beat_periodictask USING btree (clocked_id);


--
-- Name: django_celery_beat_periodictask_crontab_id_d3cba168; Type: INDEX; Schema: public; Owner: postgres
--

CREATE INDEX django_celery_beat_periodictask_crontab_id_d3cba168 ON public.django_celery_beat_periodictask USING btree (crontab_id);


--
-- Name: django_celery_beat_periodictask_interval_id_a8ca27da; Type: INDEX; Schema: public; Owner: postgres
--

CREATE INDEX django_celery_beat_periodictask_interval_id_a8ca27da ON public.django_celery_beat_periodictask USING btree (interval_id);


--
-- Name: django_celery_beat_periodictask_name_265a36b7_like; Type: INDEX; Schema: public; Owner: postgres
--

CREATE INDEX django_celery_beat_periodictask_name_265a36b7_like ON public.django_celery_beat_periodictask USING btree (name varchar_pattern_ops);


--
-- Name: django_celery_beat_periodictask_solar_id_a87ce72c; Type: INDEX; Schema: public; Owner: postgres
--

CREATE INDEX django_celery_beat_periodictask_solar_id_a87ce72c ON public.django_celery_beat_periodictask USING btree (solar_id);


--
-- Name: django_session_expire_date_a5c62663; Type: INDEX; Schema: public; Owner: postgres
--

CREATE INDEX django_session_expire_date_a5c62663 ON public.django_session USING btree (expire_date);


--
-- Name: django_session_session_key_c0390e0f_like; Type: INDEX; Schema: public; Owner: postgres
--

CREATE INDEX django_session_session_key_c0390e0f_like ON public.django_session USING btree (session_key varchar_pattern_ops);


--
-- Name: habits_app_habit_owner_id_0e9b6a7d; Type: INDEX; Schema: public; Owner: postgres
--

CREATE INDEX habits_app_habit_owner_id_0e9b6a7d ON public.habits_app_habit USING btree (owner_id);


--
-- Name: habits_app_habit_related_habit_id_1baeaebb; Type: INDEX; Schema: public; Owner: postgres
--

CREATE INDEX habits_app_habit_related_habit_id_1baeaebb ON public.habits_app_habit USING btree (related_habit_id);


--
-- Name: users_app_user_email_3518d605_like; Type: INDEX; Schema: public; Owner: postgres
--

CREATE INDEX users_app_user_email_3518d605_like ON public.users_app_user USING btree (email varchar_pattern_ops);


--
-- Name: users_app_user_groups_group_id_a248c506; Type: INDEX; Schema: public; Owner: postgres
--

CREATE INDEX users_app_user_groups_group_id_a248c506 ON public.users_app_user_groups USING btree (group_id);


--
-- Name: users_app_user_groups_user_id_0fb09204; Type: INDEX; Schema: public; Owner: postgres
--

CREATE INDEX users_app_user_groups_user_id_0fb09204 ON public.users_app_user_groups USING btree (user_id);


--
-- Name: users_app_user_user_permissions_permission_id_61fe1390; Type: INDEX; Schema: public; Owner: postgres
--

CREATE INDEX users_app_user_user_permissions_permission_id_61fe1390 ON public.users_app_user_user_permissions USING btree (permission_id);


--
-- Name: users_app_user_user_permissions_user_id_ed0fe1b8; Type: INDEX; Schema: public; Owner: postgres
--

CREATE INDEX users_app_user_user_permissions_user_id_ed0fe1b8 ON public.users_app_user_user_permissions USING btree (user_id);


--
-- Name: auth_group_permissions auth_group_permissio_permission_id_84c5c92e_fk_auth_perm; Type: FK CONSTRAINT; Schema: public; Owner: postgres
--

ALTER TABLE ONLY public.auth_group_permissions
    ADD CONSTRAINT auth_group_permissio_permission_id_84c5c92e_fk_auth_perm FOREIGN KEY (permission_id) REFERENCES public.auth_permission(id) DEFERRABLE INITIALLY DEFERRED;


--
-- Name: auth_group_permissions auth_group_permissions_group_id_b120cbf9_fk_auth_group_id; Type: FK CONSTRAINT; Schema: public; Owner: postgres
--

ALTER TABLE ONLY public.auth_group_permissions
    ADD CONSTRAINT auth_group_permissions_group_id_b120cbf9_fk_auth_group_id FOREIGN KEY (group_id) REFERENCES public.auth_group(id) DEFERRABLE INITIALLY DEFERRED;


--
-- Name: auth_permission auth_permission_content_type_id_2f476e4b_fk_django_co; Type: FK CONSTRAINT; Schema: public; Owner: postgres
--

ALTER TABLE ONLY public.auth_permission
    ADD CONSTRAINT auth_permission_content_type_id_2f476e4b_fk_django_co FOREIGN KEY (content_type_id) REFERENCES public.django_content_type(id) DEFERRABLE INITIALLY DEFERRED;


--
-- Name: django_admin_log django_admin_log_content_type_id_c4bce8eb_fk_django_co; Type: FK CONSTRAINT; Schema: public; Owner: postgres
--

ALTER TABLE ONLY public.django_admin_log
    ADD CONSTRAINT django_admin_log_content_type_id_c4bce8eb_fk_django_co FOREIGN KEY (content_type_id) REFERENCES public.django_content_type(id) DEFERRABLE INITIALLY DEFERRED;


--
-- Name: django_admin_log django_admin_log_user_id_c564eba6_fk_users_app_user_id; Type: FK CONSTRAINT; Schema: public; Owner: postgres
--

ALTER TABLE ONLY public.django_admin_log
    ADD CONSTRAINT django_admin_log_user_id_c564eba6_fk_users_app_user_id FOREIGN KEY (user_id) REFERENCES public.users_app_user(id) DEFERRABLE INITIALLY DEFERRED;


--
-- Name: django_celery_beat_periodictask django_celery_beat_p_clocked_id_47a69f82_fk_django_ce; Type: FK CONSTRAINT; Schema: public; Owner: postgres
--

ALTER TABLE ONLY public.django_celery_beat_periodictask
    ADD CONSTRAINT django_celery_beat_p_clocked_id_47a69f82_fk_django_ce FOREIGN KEY (clocked_id) REFERENCES public.django_celery_beat_clockedschedule(id) DEFERRABLE INITIALLY DEFERRED;


--
-- Name: django_celery_beat_periodictask django_celery_beat_p_crontab_id_d3cba168_fk_django_ce; Type: FK CONSTRAINT; Schema: public; Owner: postgres
--

ALTER TABLE ONLY public.django_celery_beat_periodictask
    ADD CONSTRAINT django_celery_beat_p_crontab_id_d3cba168_fk_django_ce FOREIGN KEY (crontab_id) REFERENCES public.django_celery_beat_crontabschedule(id) DEFERRABLE INITIALLY DEFERRED;


--
-- Name: django_celery_beat_periodictask django_celery_beat_p_interval_id_a8ca27da_fk_django_ce; Type: FK CONSTRAINT; Schema: public; Owner: postgres
--

ALTER TABLE ONLY public.django_celery_beat_periodictask
    ADD CONSTRAINT django_celery_beat_p_interval_id_a8ca27da_fk_django_ce FOREIGN KEY (interval_id) REFERENCES public.django_celery_beat_intervalschedule(id) DEFERRABLE INITIALLY DEFERRED;


--
-- Name: django_celery_beat_periodictask django_celery_beat_p_solar_id_a87ce72c_fk_django_ce; Type: FK CONSTRAINT; Schema: public; Owner: postgres
--

ALTER TABLE ONLY public.django_celery_beat_periodictask
    ADD CONSTRAINT django_celery_beat_p_solar_id_a87ce72c_fk_django_ce FOREIGN KEY (solar_id) REFERENCES public.django_celery_beat_solarschedule(id) DEFERRABLE INITIALLY DEFERRED;


--
-- Name: habits_app_habit habits_app_habit_owner_id_0e9b6a7d_fk_users_app_user_id; Type: FK CONSTRAINT; Schema: public; Owner: postgres
--

ALTER TABLE ONLY public.habits_app_habit
    ADD CONSTRAINT habits_app_habit_owner_id_0e9b6a7d_fk_users_app_user_id FOREIGN KEY (owner_id) REFERENCES public.users_app_user(id) DEFERRABLE INITIALLY DEFERRED;


--
-- Name: habits_app_habit habits_app_habit_related_habit_id_1baeaebb_fk_habits_ap; Type: FK CONSTRAINT; Schema: public; Owner: postgres
--

ALTER TABLE ONLY public.habits_app_habit
    ADD CONSTRAINT habits_app_habit_related_habit_id_1baeaebb_fk_habits_ap FOREIGN KEY (related_habit_id) REFERENCES public.habits_app_habit(id) DEFERRABLE INITIALLY DEFERRED;


--
-- Name: users_app_user_groups users_app_user_groups_group_id_a248c506_fk_auth_group_id; Type: FK CONSTRAINT; Schema: public; Owner: postgres
--

ALTER TABLE ONLY public.users_app_user_groups
    ADD CONSTRAINT users_app_user_groups_group_id_a248c506_fk_auth_group_id FOREIGN KEY (group_id) REFERENCES public.auth_group(id) DEFERRABLE INITIALLY DEFERRED;


--
-- Name: users_app_user_groups users_app_user_groups_user_id_0fb09204_fk_users_app_user_id; Type: FK CONSTRAINT; Schema: public; Owner: postgres
--

ALTER TABLE ONLY public.users_app_user_groups
    ADD CONSTRAINT users_app_user_groups_user_id_0fb09204_fk_users_app_user_id FOREIGN KEY (user_id) REFERENCES public.users_app_user(id) DEFERRABLE INITIALLY DEFERRED;


--
-- Name: users_app_user_user_permissions users_app_user_user__permission_id_61fe1390_fk_auth_perm; Type: FK CONSTRAINT; Schema: public; Owner: postgres
--

ALTER TABLE ONLY public.users_app_user_user_permissions
    ADD CONSTRAINT users_app_user_user__permission_id_61fe1390_fk_auth_perm FOREIGN KEY (permission_id) REFERENCES public.auth_permission(id) DEFERRABLE INITIALLY DEFERRED;


--
-- Name: users_app_user_user_permissions users_app_user_user__user_id_ed0fe1b8_fk_users_app; Type: FK CONSTRAINT; Schema: public; Owner: postgres
--

ALTER TABLE ONLY public.users_app_user_user_permissions
    ADD CONSTRAINT users_app_user_user__user_id_ed0fe1b8_fk_users_app FOREIGN KEY (user_id) REFERENCES public.users_app_user(id) DEFERRABLE INITIALLY DEFERRED;


--
-- PostgreSQL database dump complete
--

